"ID","Grade"
701,NA
702,NA
703,NA
704,NA
705,NA
706,NA
707,NA
708,NA
709,NA
710,NA
711,NA
712,NA
713,NA
714,NA
715,NA
716,NA
717,NA
718,NA
719,NA
720,NA
721,NA
722,NA
723,NA
724,NA
725,NA
726,NA
727,NA
728,NA
729,NA
730,NA
731,NA
732,NA
733,NA
734,NA
735,NA
736,NA
737,NA
738,NA
739,NA
740,NA
741,NA
742,NA
743,NA
744,NA
745,NA
746,NA
747,NA
748,NA
749,NA
750,NA
751,NA
752,NA
753,NA
754,NA
755,NA
756,NA
757,NA
758,NA
759,NA
760,NA
761,NA
762,NA
763,NA
764,NA
765,NA
766,NA
767,NA
768,NA
769,NA
770,NA
771,NA
772,NA
773,NA
774,NA
775,NA
776,NA
777,NA
778,NA
779,NA
780,NA
781,NA
782,NA
783,NA
784,NA
785,NA
786,NA
787,NA
788,NA
789,NA
790,NA
791,NA
792,NA
793,NA
794,NA
795,NA
796,NA
797,NA
798,NA
799,NA
800,NA
801,NA
802,NA
803,NA
804,NA
805,NA
806,NA
807,NA
808,NA
809,NA
810,NA
811,NA
812,NA
813,NA
814,NA
815,NA
816,NA
817,NA
818,NA
819,NA
820,NA
821,NA
822,NA
823,NA
824,NA
825,NA
826,NA
827,NA
828,NA
829,NA
830,NA
831,NA
832,NA
833,NA
834,NA
835,NA
836,NA
837,NA
838,NA
839,NA
840,NA
841,NA
842,NA
843,NA
844,NA
845,NA
846,NA
847,NA
848,NA
849,NA
850,NA
851,NA
852,NA
853,NA
854,NA
855,NA
856,NA
857,NA
858,NA
859,NA
860,NA
861,NA
862,NA
863,NA
864,NA
865,NA
866,NA
867,NA
868,NA
869,NA
870,NA
871,NA
872,NA
873,NA
874,NA
875,NA
876,NA
877,NA
878,NA
879,NA
880,NA
881,NA
882,NA
883,NA
884,NA
885,NA
886,NA
887,NA
888,NA
889,NA
890,NA
891,NA
892,NA
893,NA
894,NA
895,NA
896,NA
897,NA
898,NA
899,NA
900,NA
901,NA
902,NA
903,NA
904,NA
905,NA
906,NA
907,NA
908,NA
909,NA
910,NA
911,NA
912,NA
913,NA
914,NA
915,NA
916,NA
917,NA
918,NA
919,NA
920,NA
921,NA
922,NA
923,NA
924,NA
925,NA
926,NA
927,NA
928,NA
929,NA
930,NA
931,NA
932,NA
933,NA
934,NA
935,NA
936,NA
937,NA
938,NA
939,NA
940,NA
941,NA
942,NA
943,NA
944,NA
945,NA
946,NA
947,NA
948,NA
949,NA
950,NA
951,NA
952,NA
953,NA
954,NA
955,NA
956,NA
957,NA
958,NA
959,NA
960,NA
961,NA
962,NA
963,NA
964,NA
965,NA
966,NA
967,NA
968,NA
969,NA
970,NA
971,NA
972,NA
973,NA
974,NA
975,NA
976,NA
977,NA
978,NA
979,NA
980,NA
981,NA
982,NA
983,NA
984,NA
985,NA
986,NA
987,NA
988,NA
989,NA
990,NA
991,NA
992,NA
993,NA
994,NA
995,NA
996,NA
997,NA
998,NA
999,NA
1000,NA
